{"cameraMode":{"drawMode":0,"name":"Shaded","section":"Shading Mode"},"sceneLighting":true,"audioPlay":false,"sceneViewState":{"showFog":true,"showMaterialUpdate":true,"showSkybox":true,"showFlares":true,"showImageEffects":true,"showParticleSystems":true},"in2DMode":false,"pivot":{"x":2.848921775817871,"y":3.0248188972473146,"z":-16.2801456451416},"rotation":{"x":-0.15096436440944673,"y":0.5780676007270813,"z":-0.10986191779375076,"w":-0.7943406105041504},"size":16.420616149902345,"orthographic":false}